current_path	sha256	origin	upstream_matching_path(s)
gui/bookui_cover.png	f02395fc9c7c7108724f79cf121094844518d2011f745166c7b3c697d3bbb28a	upstream-identical	src/main/resources/assets/mystcraft/gui/bookui_cover.png
gui/bookui_pagel.png	c5ea2f8b84de81f01546411f32dfa9b552121381a1297534db2c3c29024f6348	upstream-identical	src/main/resources/assets/mystcraft/gui/bookui_pagel.png
gui/bookui_pager.png	260fbea5b26689206309752e4d7e67c0af5d4d30ac8a3403da40472476e26916	upstream-identical	src/main/resources/assets/mystcraft/gui/bookui_pager.png
gui/bookui_rpage_full.png	52f41cd1662361de86c14d70fa351f360cec73c5bd80cbbacffc47e1ec46ca2d	upstream-identical	src/main/resources/assets/mystcraft/gui/bookui_rpage_full.png
gui/inkmixer.png	5de9b3ce901e887c9decfa427d337f8ac1c844355f1b450192ac00b8f7b76cef	upstream-identical	src/main/resources/assets/mystcraft/gui/inkmixer.png
gui/notebook.png	363c8e3a23f4bbc755f8abf0319d3e7e4fc827ab46d9771bfd5bf8f9cc155e2b	upstream-identical	src/main/resources/assets/mystcraft/gui/notebook.png
gui/pagebinder.png	8c16ab850bd87d948dedd8be98383fadd846dbd26af805ae874bd8bda61e93cd	upstream-identical	src/main/resources/assets/mystcraft/gui/pagebinder.png
gui/scrollable.png	8f20ac77884654e0c830f9c3e903c70e17c189ca1e6639df3db36e323a098085	upstream-identical	src/main/resources/assets/mystcraft/gui/scrollable.png
gui/scrollbar.png	d3fbd54d053e6175184d186e993af7d56874248f9606b161b1ab4be35f25f6fd	upstream-identical	src/main/resources/assets/mystcraft/gui/scrollbar.png
gui/single_slot.png	b5a96bfcc5c5f62a7f4e7d35d07321a5a9c776be68b3a2a5e7416cb29d2e49df	upstream-identical	src/main/resources/assets/mystcraft/gui/single_slot.png
gui/tradeshop.png	1735e877c1a41046a3d536932f777f02bb0c18333003dd13fe26f2af6755e326	upstream-identical	src/main/resources/assets/mystcraft/gui/tradeshop.png
gui/writingdesk.png	c997aa9a9313af9506fdeec3c1999274017b6b33588d70482a525f178170cb02	upstream-identical	src/main/resources/assets/mystcraft/gui/writingdesk.png
sounds/entity/meteor/roar.ogg	e1bc69effc0588c6a2b3c2bc4bc80a921dc88eda55298a2d2d6025dffb4fb856	upstream-identical	src/main/resources/assets/mystcraft/sounds/entity/meteor/roar.ogg
sounds/linking/link-disarm.ogg	7b7ff786c88dc30cb9417fad85de45d9ebfa5a204084571a21298761b6e765e2	upstream-identical	src/main/resources/assets/mystcraft/sounds/linking/link-disarm.ogg
sounds/linking/link-fissure.ogg	7daaf6530f19d2f10a58ed0c5cd6f4632bd87ae24a9d6a4e686ed82de599c2b0	upstream-identical	src/main/resources/assets/mystcraft/sounds/linking/link-fissure.ogg
sounds/linking/link-following.ogg	58e089ebbe72a7f986220a9c65e3c648e5eeb6987b14850537228a6de5d64b9c	upstream-identical	src/main/resources/assets/mystcraft/sounds/linking/link-following.ogg
sounds/linking/link-intra.ogg	c6edb6608f1307cafb56fb9657a9ac1e27bb783585792fe8f34dfa44c7dfe2d6	upstream-identical	src/main/resources/assets/mystcraft/sounds/linking/link-intra.ogg
sounds/linking/link-portal.ogg	5bcb21c6f77905475119475eafebbba3e60915c3f2fdf169cf47a903c805d600	upstream-identical	src/main/resources/assets/mystcraft/sounds/linking/link-portal.ogg
sounds/linking/link.ogg	97f272a86819edc056d16ea2f5b0dc6bf9610f0e9bc338cce8d7eb3befb32fc6	upstream-identical	src/main/resources/assets/mystcraft/sounds/linking/link.ogg
sounds/linking/pop.ogg	1f180490a641e1d07c836717080333830d5741dc5937bd5eb486315bb11906c3	upstream-identical	src/main/resources/assets/mystcraft/sounds/linking/pop.ogg
textures/block/black_ink_flow.png	21180d2c6e6697b31be0cd48f347176772dbbcb6f481757fd9018e5fb3db953f	upstream-identical	src/main/resources/assets/mystcraft/textures/blocks/fluid_flow.png
textures/block/black_ink_still.png	99a19e0bdbe614ffd834fefbab2f69b6f9ca7539017faff5e684bdd4d37b2fbb	upstream-identical	src/main/resources/assets/mystcraft/textures/blocks/fluid.png
textures/block/book_receptacle.png	9485cd452d14bfa264b5ebfe81f14885ce1b4baf86f71b7fb371f5d0a7582f0b	upstream-identical	src/main/resources/assets/mystcraft/textures/blocks/book_receptacle.png
textures/block/bookbinder.png	832970d14df328952303b39910d8a2c0c51920079ecd486054dc2e5f66ff6651	upstream-identical	src/main/resources/assets/mystcraft/textures/entity/bookbinder/bookbinder.png
textures/block/bookbinder_bottom.png	03562b94d362678758e1c05c197809860a06362347b3f83a7c3c7030dd3e8edb	upstream-identical	src/main/resources/assets/mystcraft/textures/blocks/bookbinder_side.png;src/main/resources/assets/mystcraft/textures/blocks/bookbinder_top.png;src/main/resources/assets/mystcraft/textures/blocks/bookbinder_bottom.png
textures/block/bookbinder_press_part.png	6d8d5572087efe55190aa4fb16334be8903737835fa20ddeb036c00dabb86916	upstream-identical	src/main/resources/assets/mystcraft/textures/entity/bookbinder/press_part.png
textures/block/bookbinder_side.png	03562b94d362678758e1c05c197809860a06362347b3f83a7c3c7030dd3e8edb	upstream-identical	src/main/resources/assets/mystcraft/textures/blocks/bookbinder_side.png;src/main/resources/assets/mystcraft/textures/blocks/bookbinder_top.png;src/main/resources/assets/mystcraft/textures/blocks/bookbinder_bottom.png
textures/block/bookbinder_top.png	03562b94d362678758e1c05c197809860a06362347b3f83a7c3c7030dd3e8edb	upstream-identical	src/main/resources/assets/mystcraft/textures/blocks/bookbinder_side.png;src/main/resources/assets/mystcraft/textures/blocks/bookbinder_top.png;src/main/resources/assets/mystcraft/textures/blocks/bookbinder_bottom.png
textures/block/bookstand.png	dfc7be73f151a01387a22e694f7fffb16c71f6bc69e38f7086272b49466720e4	upstream-identical	src/main/resources/assets/mystcraft/textures/entity/bookstand.png
textures/block/crystal.png	9aa257620253edb643236c808a8bc13d227bec380a9de4deb518eb6954f6eb02	upstream-identical	src/main/resources/assets/mystcraft/textures/blocks/crystal.png
textures/block/decay_blue.png	39b99ac2cf3a8baef6a4a8dee6b59557fd323f3108a823d86de340e844dc16d7	upstream-identical	src/main/resources/assets/mystcraft/textures/blocks/decay_blue.png
textures/block/decay_purple.png	abc97344aaf722b1242f2b064b11c677bd43d32c4593640ff9996c445bf857d6	upstream-identical	src/main/resources/assets/mystcraft/textures/blocks/decay_purple.png
textures/block/decay_red.png	87bf6d3a833bed50bb6d6124461b38ae427ee6270fe9029e7789d9e6d5b83d16	upstream-identical	src/main/resources/assets/mystcraft/textures/blocks/decay_red.png
textures/block/decay_white.png	5f021cc4e91be237a81227103f05eaaa8029f3bc55f1f84f7f05f97f5ca4b1ad	upstream-identical	src/main/resources/assets/mystcraft/textures/blocks/decay_white.png
textures/block/desk.png	b74fc833e76015b77455550a234d5ced469c40dc318b963d1cfe5e0bd94b4523	upstream-identical	src/main/resources/assets/mystcraft/textures/entity/desk.png
textures/block/fluid.png	99a19e0bdbe614ffd834fefbab2f69b6f9ca7539017faff5e684bdd4d37b2fbb	upstream-identical	src/main/resources/assets/mystcraft/textures/blocks/fluid.png
textures/block/fluid_flow.png	21180d2c6e6697b31be0cd48f347176772dbbcb6f481757fd9018e5fb3db953f	upstream-identical	src/main/resources/assets/mystcraft/textures/blocks/fluid_flow.png
textures/block/inkmixer_bottom.png	589379c3fb66fad4999647736ca093d92f08d7143d9995de2bdcbf8f357558dc	upstream-identical	src/main/resources/assets/mystcraft/textures/blocks/inkmixer_bottom.png
textures/block/inkmixer_side.png	7e1a7fc0abdb3b54077dc4038df6c9860ed3b14430cb0fa0fd8557079d2240b3	upstream-identical	src/main/resources/assets/mystcraft/textures/blocks/inkmixer_side.png
textures/block/inkmixer_top.png	45a02bd5311dc15c6cc56fa0c311ed54b80d0a8464f61877ada297d172345036	upstream-identical	src/main/resources/assets/mystcraft/textures/blocks/inkmixer_top.png
textures/block/inkwell_base.png	3d660d66737b8a7a0f00c85ca7bb0f6cceced3a4634a630a763cb35da6f92cd5	upstream-identical	src/main/resources/assets/mystcraft/textures/entity/inkwell/inkwell_base.png
textures/block/inkwell_cup.png	f6c1198f9190cbf2723c9f121a4b191a23a336548b0495b87145278dc545faa8	upstream-identical	src/main/resources/assets/mystcraft/textures/entity/inkwell/inkwell_cup.png
textures/block/inkwell_glass.png	df42618a6183ef2ff7a5380b98a8ceec0b40b5d7b44bb41465aed119ab01dbc8	upstream-identical	src/main/resources/assets/mystcraft/textures/entity/inkwell/ink_glass.png
textures/block/inkwell_ink.png	14566847a87dc5858a2bd230d8a374c14a38980479c7fcd892321d8fd0a64abd	upstream-identical	src/main/resources/assets/mystcraft/textures/entity/inkwell/ink.png
textures/block/lectern.png	800a7cc32a1147717fd218f1d4682138d8d4854aebba2368a9e05bd3dc531a59	upstream-identical	src/main/resources/assets/mystcraft/textures/entity/lectern.png
textures/block/linkmodifier_base.png	8c52b59b087e94d90b1fc4296f76bb751d0669d9b57194daf60bb485b3cfde12	upstream-identical	src/main/resources/assets/mystcraft/textures/entity/linkmodifier/linkmodifier_base.png
textures/block/linkmodifier_bottom.png	7d4a3f4c0d0963506281d8b91e10b6d7b302a3971987032090cebc46ded6be4b	upstream-identical	src/main/resources/assets/mystcraft/textures/blocks/linkmodifier_bottom.png
textures/block/linkmodifier_details.png	796d8adf08c90779b90bea2e07ee3172882a8ae127aad654367e5c60e96c9c34	upstream-identical	src/main/resources/assets/mystcraft/textures/entity/linkmodifier/linkmodifier_details.png
textures/block/linkmodifier_side1.png	2bc1b82d0ae0c5e85829821f461b499b7f1bf04c7d26713bd194f4e5dc6ef32b	upstream-identical	src/main/resources/assets/mystcraft/textures/blocks/linkmodifier_side1.png
textures/block/linkmodifier_side2.png	10e657253367477d23b72f28c6ddc439c2eab910187d56c1673b8e55023811cf	upstream-identical	src/main/resources/assets/mystcraft/textures/blocks/linkmodifier_side2.png
textures/block/linkmodifier_top.png	bf43d8f47206ec245913e9ecf152e5280c1eb8f69b5da169f53ee21fc9a96685	upstream-identical	src/main/resources/assets/mystcraft/textures/blocks/linkmodifier_top.png
textures/block/portal.png	6279d2768bc22a9179fe10dcde0e5237acc883d74bf4cc0a00912ae495c645cd	upstream-identical	src/main/resources/assets/mystcraft/textures/blocks/portal.png
textures/blocks/book_receptacle.png	9485cd452d14bfa264b5ebfe81f14885ce1b4baf86f71b7fb371f5d0a7582f0b	upstream-identical	src/main/resources/assets/mystcraft/textures/blocks/book_receptacle.png
textures/blocks/bookbinder_bottom.png	03562b94d362678758e1c05c197809860a06362347b3f83a7c3c7030dd3e8edb	upstream-identical	src/main/resources/assets/mystcraft/textures/blocks/bookbinder_side.png;src/main/resources/assets/mystcraft/textures/blocks/bookbinder_top.png;src/main/resources/assets/mystcraft/textures/blocks/bookbinder_bottom.png
textures/blocks/bookbinder_side.png	03562b94d362678758e1c05c197809860a06362347b3f83a7c3c7030dd3e8edb	upstream-identical	src/main/resources/assets/mystcraft/textures/blocks/bookbinder_side.png;src/main/resources/assets/mystcraft/textures/blocks/bookbinder_top.png;src/main/resources/assets/mystcraft/textures/blocks/bookbinder_bottom.png
textures/blocks/bookbinder_top.png	03562b94d362678758e1c05c197809860a06362347b3f83a7c3c7030dd3e8edb	upstream-identical	src/main/resources/assets/mystcraft/textures/blocks/bookbinder_side.png;src/main/resources/assets/mystcraft/textures/blocks/bookbinder_top.png;src/main/resources/assets/mystcraft/textures/blocks/bookbinder_bottom.png
textures/blocks/crystal.png	9aa257620253edb643236c808a8bc13d227bec380a9de4deb518eb6954f6eb02	upstream-identical	src/main/resources/assets/mystcraft/textures/blocks/crystal.png
textures/blocks/fluid.png	99a19e0bdbe614ffd834fefbab2f69b6f9ca7539017faff5e684bdd4d37b2fbb	upstream-identical	src/main/resources/assets/mystcraft/textures/blocks/fluid.png
textures/blocks/fluid_flow.png	21180d2c6e6697b31be0cd48f347176772dbbcb6f481757fd9018e5fb3db953f	upstream-identical	src/main/resources/assets/mystcraft/textures/blocks/fluid_flow.png
textures/blocks/inkmixer_bottom.png	589379c3fb66fad4999647736ca093d92f08d7143d9995de2bdcbf8f357558dc	upstream-identical	src/main/resources/assets/mystcraft/textures/blocks/inkmixer_bottom.png
textures/blocks/inkmixer_side.png	7e1a7fc0abdb3b54077dc4038df6c9860ed3b14430cb0fa0fd8557079d2240b3	upstream-identical	src/main/resources/assets/mystcraft/textures/blocks/inkmixer_side.png
textures/blocks/inkmixer_top.png	45a02bd5311dc15c6cc56fa0c311ed54b80d0a8464f61877ada297d172345036	upstream-identical	src/main/resources/assets/mystcraft/textures/blocks/inkmixer_top.png
textures/blocks/linkmodifier_bottom.png	7d4a3f4c0d0963506281d8b91e10b6d7b302a3971987032090cebc46ded6be4b	upstream-identical	src/main/resources/assets/mystcraft/textures/blocks/linkmodifier_bottom.png
textures/blocks/linkmodifier_side1.png	2bc1b82d0ae0c5e85829821f461b499b7f1bf04c7d26713bd194f4e5dc6ef32b	upstream-identical	src/main/resources/assets/mystcraft/textures/blocks/linkmodifier_side1.png
textures/blocks/linkmodifier_side2.png	10e657253367477d23b72f28c6ddc439c2eab910187d56c1673b8e55023811cf	upstream-identical	src/main/resources/assets/mystcraft/textures/blocks/linkmodifier_side2.png
textures/blocks/linkmodifier_top.png	bf43d8f47206ec245913e9ecf152e5280c1eb8f69b5da169f53ee21fc9a96685	upstream-identical	src/main/resources/assets/mystcraft/textures/blocks/linkmodifier_top.png
textures/blocks/portal.png	6279d2768bc22a9179fe10dcde0e5237acc883d74bf4cc0a00912ae495c645cd	upstream-identical	src/main/resources/assets/mystcraft/textures/blocks/portal.png
textures/eastercomponents.png	2c989f56cc2e2d5cdc24a6aaf38aed97edc13a052c1b3951ffc2797bcc0cf65c	upstream-identical	src/main/resources/assets/mystcraft/textures/eastercomponents.png
textures/entity/agebook.png	763aa2545a89cbc3f69129950a1393098faf54515e532745cc3f146d1fc2d014	upstream-identical	src/main/resources/assets/mystcraft/textures/entity/agebook.png
textures/entity/bookbinder/bookbinder.png	832970d14df328952303b39910d8a2c0c51920079ecd486054dc2e5f66ff6651	upstream-identical	src/main/resources/assets/mystcraft/textures/entity/bookbinder/bookbinder.png
textures/entity/bookbinder/press_part.png	6d8d5572087efe55190aa4fb16334be8903737835fa20ddeb036c00dabb86916	upstream-identical	src/main/resources/assets/mystcraft/textures/entity/bookbinder/press_part.png
textures/entity/bookstand.png	dfc7be73f151a01387a22e694f7fffb16c71f6bc69e38f7086272b49466720e4	upstream-identical	src/main/resources/assets/mystcraft/textures/entity/bookstand.png
textures/entity/desk.png	b74fc833e76015b77455550a234d5ced469c40dc318b963d1cfe5e0bd94b4523	upstream-identical	src/main/resources/assets/mystcraft/textures/entity/desk.png
textures/entity/inkwell/ink.png	14566847a87dc5858a2bd230d8a374c14a38980479c7fcd892321d8fd0a64abd	upstream-identical	src/main/resources/assets/mystcraft/textures/entity/inkwell/ink.png
textures/entity/inkwell/ink_glass.png	df42618a6183ef2ff7a5380b98a8ceec0b40b5d7b44bb41465aed119ab01dbc8	upstream-identical	src/main/resources/assets/mystcraft/textures/entity/inkwell/ink_glass.png
textures/entity/inkwell/inkwell_base.png	3d660d66737b8a7a0f00c85ca7bb0f6cceced3a4634a630a763cb35da6f92cd5	upstream-identical	src/main/resources/assets/mystcraft/textures/entity/inkwell/inkwell_base.png
textures/entity/inkwell/inkwell_cup.png	f6c1198f9190cbf2723c9f121a4b191a23a336548b0495b87145278dc545faa8	upstream-identical	src/main/resources/assets/mystcraft/textures/entity/inkwell/inkwell_cup.png
textures/entity/lectern.png	800a7cc32a1147717fd218f1d4682138d8d4854aebba2368a9e05bd3dc531a59	upstream-identical	src/main/resources/assets/mystcraft/textures/entity/lectern.png
textures/entity/linkbook.png	970de6046c31d8d13aff6cd04fc80777abf2ff7dfd3c3447b12bb0bbb55a7093	upstream-identical	src/main/resources/assets/mystcraft/textures/entity/linkbook.png
textures/entity/linkmodifier/linkbookmodifier.png	1aa376a09429f051d2a22afc6fac54a29a7e5d2937707a1f12574358d414251b	upstream-identical	src/main/resources/assets/mystcraft/textures/entity/linkmodifier/linkbookmodifier.png
textures/entity/linkmodifier/linkmodifier_base.png	8c52b59b087e94d90b1fc4296f76bb751d0669d9b57194daf60bb485b3cfde12	upstream-identical	src/main/resources/assets/mystcraft/textures/entity/linkmodifier/linkmodifier_base.png
textures/entity/linkmodifier/linkmodifier_details.png	796d8adf08c90779b90bea2e07ee3172882a8ae127aad654367e5c60e96c9c34	upstream-identical	src/main/resources/assets/mystcraft/textures/entity/linkmodifier/linkmodifier_details.png
textures/entity/villager/profession/archivist.png	f5522b923134673e1be337908c8b9e94de4fe16f7c4e45ccc7c974eebbdd3a41	upstream-identical	src/main/resources/assets/mystcraft/textures/villager/archivist.png
textures/entity/zombie_villager/profession/archivist.png	f5522b923134673e1be337908c8b9e94de4fe16f7c4e45ccc7c974eebbdd3a41	upstream-identical	src/main/resources/assets/mystcraft/textures/villager/archivist.png
textures/item/agebook.png	3de797d385994a14bf72ef25cf2a11d2d29db4929f85810b028dd6417e975334	upstream-identical	src/main/resources/assets/mystcraft/textures/items/agebook.png
textures/item/booster.png	ac61a0ce15e8acf6dfc8ea413e7c256a30b4c06cce46f9db9ad04cdde672609b	upstream-identical	src/main/resources/assets/mystcraft/textures/items/booster.png
textures/item/deskext.png	d2f24524cdf8ad9759ec86686d187db6fa5d88cbca5bddfbff6dcb1a534057f0	upstream-identical	src/main/resources/assets/mystcraft/textures/items/deskext.png
textures/item/folder.png	62e72697ec3130c6506793bc353ba1cb62bd9060d4de333f31d2644b6ed96fa8	upstream-identical	src/main/resources/assets/mystcraft/textures/items/folder.png
textures/item/folder_filled.png	86a50f94a1cec4b69717830f3f1c9d675458eb3b5443d810ff30e9c4bf19c322	upstream-identical	src/main/resources/assets/mystcraft/textures/items/folder_filled.png
textures/item/glasses.png	8f0d2d5f8e49637bdbd349427022f07f34370b640405502a2d9f557b8d327fec	upstream-identical	src/main/resources/assets/mystcraft/textures/items/glasses.png
textures/item/ink_vial.png	39369748dca1f5e81206a48ba0ea0c29395bf18972a202089a407ecaf5e1e5ef	upstream-identical	src/main/resources/assets/mystcraft/textures/items/ink_vial.png
textures/item/inkvial.png	49baece3e1ef66cd00a8a36f632cf7a172f03ab5247fe0def7455acf449216af	upstream-identical	src/main/resources/assets/mystcraft/textures/items/inkvial.png
textures/item/inkvialmask.png	23d6623e93594a378d1da063653f204ae3848edf70a4f02543adfd86c2f7aa38	upstream-identical	src/main/resources/assets/mystcraft/textures/items/inkvialmask.png
textures/item/linkingbook.png	74b80f440ff278c997ae5197c4d92889bda78d04d94b49b98990d124b868bfba	upstream-identical	src/main/resources/assets/mystcraft/textures/items/linkingbook.png
textures/item/page_background.png	9a7068a7e7a9ae434922acbb5e453fb93fd2edbdc6f62d37d1093d955edd54f3	upstream-identical	src/main/resources/assets/mystcraft/textures/items/page_background.png
textures/item/portfolio.png	aeedd0a68a8bf0047fdca73a295e4afb7d84c64bfe80c94a1e9eca812f4587e6	upstream-identical	src/main/resources/assets/mystcraft/textures/items/portfolio.png
textures/item/unlinked.png	23d622f784f778cd9f20592e5f4ee86bd9da6e7f19d88534df51f759a639ae99	upstream-identical	src/main/resources/assets/mystcraft/textures/items/unlinked.png
textures/item/white.png	d5a51b6aed15684ec8c123e30fe5703155359d6543b6d7b47cb5766ef44939de	port-added	-
textures/item/wrapper.png	21dbb0917153fe8a0944705890b0e9dd374d89a907621dfefa5cac2b9a72b77e	upstream-identical	src/main/resources/assets/mystcraft/textures/items/wrapper.png
textures/item/writingdesk.png	bf2115d0384f35f136f8df285328672bb36bd1c03184277952c680a17461f864	upstream-identical	src/main/resources/assets/mystcraft/textures/items/writingdesk.png
textures/items/agebook.png	3de797d385994a14bf72ef25cf2a11d2d29db4929f85810b028dd6417e975334	upstream-identical	src/main/resources/assets/mystcraft/textures/items/agebook.png
textures/items/booster.png	ac61a0ce15e8acf6dfc8ea413e7c256a30b4c06cce46f9db9ad04cdde672609b	upstream-identical	src/main/resources/assets/mystcraft/textures/items/booster.png
textures/items/deskext.png	d2f24524cdf8ad9759ec86686d187db6fa5d88cbca5bddfbff6dcb1a534057f0	upstream-identical	src/main/resources/assets/mystcraft/textures/items/deskext.png
textures/items/folder.png	62e72697ec3130c6506793bc353ba1cb62bd9060d4de333f31d2644b6ed96fa8	upstream-identical	src/main/resources/assets/mystcraft/textures/items/folder.png
textures/items/folder_filled.png	86a50f94a1cec4b69717830f3f1c9d675458eb3b5443d810ff30e9c4bf19c322	upstream-identical	src/main/resources/assets/mystcraft/textures/items/folder_filled.png
textures/items/glasses.png	8f0d2d5f8e49637bdbd349427022f07f34370b640405502a2d9f557b8d327fec	upstream-identical	src/main/resources/assets/mystcraft/textures/items/glasses.png
textures/items/ink_vial.png	39369748dca1f5e81206a48ba0ea0c29395bf18972a202089a407ecaf5e1e5ef	upstream-identical	src/main/resources/assets/mystcraft/textures/items/ink_vial.png
textures/items/inkvial.png	49baece3e1ef66cd00a8a36f632cf7a172f03ab5247fe0def7455acf449216af	upstream-identical	src/main/resources/assets/mystcraft/textures/items/inkvial.png
textures/items/inkvialmask.png	23d6623e93594a378d1da063653f204ae3848edf70a4f02543adfd86c2f7aa38	upstream-identical	src/main/resources/assets/mystcraft/textures/items/inkvialmask.png
textures/items/linkingbook.png	74b80f440ff278c997ae5197c4d92889bda78d04d94b49b98990d124b868bfba	upstream-identical	src/main/resources/assets/mystcraft/textures/items/linkingbook.png
textures/items/page_background.png	9a7068a7e7a9ae434922acbb5e453fb93fd2edbdc6f62d37d1093d955edd54f3	upstream-identical	src/main/resources/assets/mystcraft/textures/items/page_background.png
textures/items/portfolio.png	aeedd0a68a8bf0047fdca73a295e4afb7d84c64bfe80c94a1e9eca812f4587e6	upstream-identical	src/main/resources/assets/mystcraft/textures/items/portfolio.png
textures/items/unlinked.png	23d622f784f778cd9f20592e5f4ee86bd9da6e7f19d88534df51f759a639ae99	upstream-identical	src/main/resources/assets/mystcraft/textures/items/unlinked.png
textures/items/wrapper.png	21dbb0917153fe8a0944705890b0e9dd374d89a907621dfefa5cac2b9a72b77e	upstream-identical	src/main/resources/assets/mystcraft/textures/items/wrapper.png
textures/items/writingdesk.png	bf2115d0384f35f136f8df285328672bb36bd1c03184277952c680a17461f864	upstream-identical	src/main/resources/assets/mystcraft/textures/items/writingdesk.png
textures/models/bookstand.png	e96eebbdfa3a3dcd85157ba0c24be0a226c9937686ccc6983a33f774a05caf87	upstream-identical	src/main/resources/assets/mystcraft/textures/models/bookstand.png
textures/models/glasses.png	a5a23ff7d3f527b604abe2aaab4250a9ef956eac2241c399dd6cfbdd330b62d7	upstream-identical	src/main/resources/assets/mystcraft/textures/models/glasses.png
textures/models/lectern_texture.png	54426373d777b57811d72daad3ea04eb0b639cb2fbcfadc0223d69737f6f8ab4	upstream-identical	src/main/resources/assets/mystcraft/textures/models/lectern_texture.png
textures/symbolcomponents.png	16a3e40756c4e6da7be3a122a1a241cc0fc646d628b1de7086e48d0a989e4796	upstream-identical	src/main/resources/assets/mystcraft/textures/symbolcomponents.png
textures/villager/archivist.png	f5522b923134673e1be337908c8b9e94de4fe16f7c4e45ccc7c974eebbdd3a41	upstream-identical	src/main/resources/assets/mystcraft/textures/villager/archivist.png
